user_id,loyalty_score,expected_basket_items,price_elasticity
U0001,0.9892035670465535,3.0062488577714577,0.05507527148053701
U0002,0.9283320244510316,2.975306882160282,0.17543066465034854
U0003,0.8937431958555239,2.9972838679946703,0.43566963230396755
U0004,0.9881033018827913,3.0129539189313115,-0.3054409622393116
U0005,0.9093041124821499,2.998364439615422,0.10922143643810475
U0006,0.9890040790419192,2.9974017672445727,-0.48472429704018377
U0007,0.9325412715392482,2.9991779536308916,-0.09323877279524997
U0008,0.9708815593904214,3.009841200745291,-0.10865695935245309
U0009,0.9294427568952702,2.991365326268506,-0.14586143007844166
U0010,0.9070865400704009,2.9817038409941476,0.5106274866930682
U0011,0.9544963082961746,2.986287620602831,0.21762405100830653
U0012,0.9368879538188196,3.002762963826256,0.13545714072358378
U0013,0.9491386885344125,2.980920883617842,-0.3502336643874648
U0014,0.9336370605809776,3.005893560446872,-0.21327554782894928
U0015,0.8937909841952533,2.99023858977214,-0.06982241259390869
U0016,0.926286847330389,2.9980151922596923,0.07147457910031603
U0017,0.9143246043625317,2.9814817077723808,0.22737223491090863
U0018,0.9019266186867005,2.9791087926050444,0.47250354019455604
U0019,0.8903072801704242,2.981445498542102,0.08578643603946828
U0020,0.923189387660387,3.0029233760659713,0.17875074297080815
U0021,0.9754958193848416,3.013054279158701,-0.2993650502753962
U0022,0.9374803436581178,2.9873408048464283,0.26974091846220327
U0023,0.9303509352916184,2.9841992087159763,-0.2072825958756867
U0024,0.9715464432461258,2.9941381131922578,0.15752183795096592
U0025,0.9228436704953523,2.9930244649102424,0.22186990504631485
U0026,0.9442393387731574,2.996988982309257,-0.018593100305043797
U0027,0.8559017560059048,2.973193889876894,0.1651226027021396
U0028,0.9041464620544868,2.981228393913484,0.48454921096228626
U0029,0.9083212377297322,2.997440185237273,0.023880049939562664
U0030,0.8785805624496443,2.9672632872585565,0.7915678652614846
U0031,0.929347724438335,2.9742530945269197,-0.16771873583509053
U0032,0.9884983856636123,2.9995912384484087,-0.6288983358052759
U0033,0.9488765441407235,3.0136085548519596,-0.7280107128522512
U0034,0.9116656260684272,2.9814453731648505,0.11676612868447163
U0035,0.9290785428544792,2.99877105923538,-0.011812611011961495
U0036,0.9686051151647338,2.9853315711540263,-0.11661885850264547
U0037,0.9641447640327617,2.98920558592575,0.12021231939533002
U0038,0.9010915166313441,2.9734606181097054,0.2170791791158177
U0039,0.9590774076459396,2.9974341823757364,0.3016566162000831
U0040,0.8907555053086672,2.9785161757997307,0.0410874917423489
U0041,0.9653429327988834,2.971957793884542,-0.025669166995719396
U0042,0.9033935938836315,2.9736313206409855,-0.09982409455693346
U0043,0.9150568994045379,2.9952031763139426,0.20643875870829337
U0044,0.8548435022857955,2.9802480207075805,0.19887399398164265
U0045,0.882120905069529,2.986237888037007,-0.04772951286731425
U0046,0.898911802469418,2.987116130231212,-0.1479125740739746
U0047,0.9413815643212181,2.994867700081621,0.10504161031371524
U0048,0.9031349622004071,2.9968157154183204,-0.1816014194464495
U0049,0.9600943527169524,2.980878574584598,-0.6266035555166576
U0050,0.8221876868943103,2.971176545819177,-0.4162448023402202
U0051,0.9691093352011816,3.0003428649401402,-0.30010171914780004
U0052,0.8776679556192203,2.9800608331770713,-0.1570692470219207
U0053,0.9340185926900952,3.0144624798037203,0.10635338195577618
U0054,0.9425109642375403,2.986723058297713,-0.2418758985386271
U0055,0.8803356946931814,2.9730062909818282,-0.2092287166421994
U0056,0.8584786051044361,2.9794518388073796,-0.29179396041341926
U0057,0.9538283648026377,2.99652537136855,-0.041300344726373346
U0058,0.8530977936122124,2.972491327842528,-0.18299045051045995
U0059,0.934703515665441,2.987148472405552,-0.16794313213487783
U0060,0.9871921526527894,2.989100821235289,-0.13432655420309064
U0061,0.9074909656050802,2.9834436532507684,-0.08883654033377068
U0062,0.9358858907847348,2.959054454903019,0.008840978462634763
U0063,0.9100037546049169,3.0095894492565702,-0.2794611137993357
U0064,0.9375159412479265,2.982001765744592,-0.2713629928645888
U0065,0.9620901442364921,2.9942323958755264,-0.35040623974844926
U0066,0.9532915814148155,2.9911147333946846,-0.2634295198626384
U0067,0.9292847434902911,2.9901299312472918,0.10442188654793616
U0068,0.9122124431107143,2.9812886035223456,-0.055342014104106205
U0069,0.9025198794567516,2.9757759617865145,0.10977220614538577
U0070,0.9136628498681072,3.006095621641563,0.03477346778906891
U0071,0.9627933500430434,2.996589405752832,0.4339108884740145
U0072,0.9277214351663025,2.97273776583874,-0.12944663370682596
U0073,0.9039417105172023,2.992515057708662,-0.07794819597174224
U0074,0.900859341642449,2.992197747937891,-0.010479248997256902
U0075,0.8627435385058655,2.977297109602737,-0.11505504905469739
U0076,0.9257021223428127,3.003173794647727,0.1444290160683131
U0077,0.9208208649338652,3.0081094816821587,0.26954984317047365
U0078,0.8610912665023901,2.976910562521894,0.19963366539726565
U0079,0.965800286118967,2.9917058036667408,0.23429641481903946
U0080,0.961205770122515,2.9908279163612224,0.1632776306597516
U0081,0.9030488812426569,2.987596861802672,-0.38049514988848093
U0082,0.8595892017556183,2.964994486818416,-0.09192946165008278
U0083,0.987670432566878,2.981992667117469,-0.15686377680206656
U0084,0.9329426039132854,2.991090827181604,0.797767854272264
U0085,0.8972496459256553,2.9972730831248993,-0.16142174311528035
U0086,0.9129468964083266,2.988081570709973,-0.06470037994036923
U0087,0.9331817638518274,2.9942525712621495,-0.6180510754390335
U0088,0.9025128774007997,2.985079681055703,-0.06798363090318166
U0089,0.9424752944949336,2.9822029228908185,0.45467090286856204
U0090,0.8845476694992782,2.9820199205549613,-0.6372092808579084
U0091,0.9066049495419769,2.9833402171978984,0.4314076331077508
U0092,0.8964992508408215,2.9789713238078286,0.19231066975076694
U0093,0.9300581776256531,2.9892303680274868,-0.21705091056133843
U0094,0.9288234564107051,2.973524702719893,0.479919357888068
U0095,0.940153809750616,2.9875438995935952,-0.041594482445917354
U0096,0.909185180437454,2.9975856127756297,0.28512914339623197
U0097,0.9419097540737295,2.989071879100679,-0.03477136204636546
U0098,0.8483217780571936,2.9795298913024912,0.17247844708860577
U0099,0.8746264432520924,2.98707654613023,0.06368620307613505
U0100,0.9471429425207759,2.995623044053535,-0.43274589643903316
U0101,0.9557457246397068,2.9645448840241153,0.046118260052247166
U0102,0.8869322261687995,2.9912099685119298,-0.1430001254367657
U0103,0.9263291823400467,2.989471592509875,0.007372569028991461
U0104,0.9605721910832913,3.0024259939931413,0.22710318531574888
U0105,0.9629331689231193,3.0070401892151137,-0.10356763832280383
U0106,0.9436196293745689,2.989418630073753,-0.15431165411393222
U0107,0.9237026217933983,2.99546602069356,-0.08701370756168932
U0108,0.8579377518247296,2.9815875530730316,0.07491574561504419
U0109,0.8815067507115483,2.9815643856113887,0.5456135237167489
U0110,0.9072770612015737,2.98793361572945,-0.06659496500292403
U0111,0.9156527438427076,2.991015292623671,0.18862662500773655
U0112,0.9450727492067917,3.013140390891629,0.27699525848545936
U0113,0.8770783817807859,2.987087163493505,-0.296198357345541
U0114,0.8833722144785587,2.9968859060288473,0.26235993774759025
U0115,0.9470885680021831,2.9969547172963407,0.1648096140806338
U0116,0.8923910074267521,2.996007969215111,0.0030610999961382212
U0117,0.9309213373262831,2.9864306948639907,0.14312357471376225
U0118,0.8772974181232313,2.975042075545911,0.17515508960847379
U0119,0.9338967430728835,3.0018480208573957,-0.011603357104805546
U0120,0.9749764793791803,3.001939757248357,-0.08712022681849345
U0121,0.777260745348889,2.982784365428202,-0.05483040028412423
U0122,0.8652851507391336,2.969336785648653,0.7378379949876184
U0123,0.9206171094012009,2.9824347299137908,-0.09027660178385254
U0124,0.9381338089357779,2.994110169577899,-0.039073270594965744
U0125,0.9035689337665087,2.984001988168361,0.2834740686649203
U0126,0.9461971413508942,2.997702855503833,0.013087691909489826
U0127,0.9260018008257589,2.9829751044595962,-0.05454143066009448
U0128,0.9326086309149954,3.0050034371739307,0.16869294923217582
U0129,0.9560791105233335,2.984543044238611,-0.3487259122897798
U0130,0.9142972493264936,2.9980988029477227,-0.19490506132032637
U0131,0.9592584599806891,3.0166232092282805,0.08998004427745368
U0132,0.9396595685159594,2.9922981609814276,0.17862117694011062
U0133,0.9574882741148826,2.9787097257028265,-0.059023112332590194
U0134,0.9477796378059168,3.0015824948334484,-1.315523965156065
U0135,0.9312716084703703,2.9817729674435083,0.2984165219993515
U0136,0.893753101393769,2.9974583750491135,-0.25254786419852376
U0137,0.9428032030092208,3.007418243354724,-0.023390017069188775
U0138,0.905276526963422,2.9843914493054142,0.17031205857513818
U0139,0.916347888628547,2.994366627039049,-0.4169080183740758
U0140,0.9540431850137396,2.9799903525571723,-0.557361066026614
U0141,0.944287166313638,2.9709436920456427,0.36436272988280616
U0142,0.9342774231944065,2.9679400281650277,0.01477130276919983
U0143,0.937125732975708,3.0057121100247035,0.22272565147897508
U0144,0.9514132240277128,2.983099868104541,-0.2510187840733733
U0145,0.9231599282370279,3.0006295896892885,-0.1464831924379471
U0146,0.9496208603962659,2.9882861218090326,0.46139050554801614
U0147,0.8934625213442394,2.9771569179885025,0.22879057862075233
U0148,0.9100197961164573,3.0051857677895906,-0.22479635482742014
U0149,0.9597676568014024,3.0003209637034796,0.15122443325206683
U0150,0.9465247390662719,2.988438146649088,-0.11186156771043329
U0151,0.9753441620337535,2.994104257655642,-0.2688369822635386
U0152,0.8807257853016134,2.975089435483412,-0.07708514710344562
U0153,0.9512965165266458,3.014622553862733,-0.288199180655939
U0154,0.9313019083302122,2.973541307585268,0.27875937408681195
U0155,0.9240249676746936,2.994225756144786,-0.038988271976247574
U0156,0.9354597922366994,2.969736616710117,-0.27541631866499827
U0157,0.9113986453200283,2.9909815907631807,-0.07768451786808714
U0158,0.9650129145544775,2.995463234735257,-0.18966438844195144
U0159,0.8901347347639652,2.989532998552822,0.2481734000138812
U0160,0.9879047209671266,2.9850147057213547,0.09739235732212322
U0161,0.9287419286442999,2.999765472270741,-0.046862929938739535
U0162,0.9048084566073383,2.9887713769201336,-0.13349210233821673
U0163,0.9118103766970671,2.9919404681722677,-0.15391989998510777
U0164,0.9710101026301358,3.017900121304567,0.005802948736770948
U0165,0.9459068405339316,2.997509245031388,-0.0437463277426307
U0166,0.9363339586525061,2.9853996612789757,0.08742923561613307
U0167,0.9341285174050262,3.0061022034829388,0.06813624524690652
U0168,0.9153303992148533,3.0097237577074067,-0.051312936234474096
U0169,0.8260470144785803,2.9793531521851806,0.105026004816438
U0170,0.9287686059507483,2.978901761519343,0.13046000852193185
U0171,0.8627393514553401,2.970245023901768,0.05348092099901652
U0172,0.9150572686517442,2.9802107517894747,-0.25438593884638605
U0173,0.9529909679504238,3.0049768806605694,0.3377181533295339
U0174,0.9260234102333876,2.9861524274426716,-0.10975266940994104
U0175,0.9405200993344474,2.9949734821640175,0.1960766135530164
U0176,0.9094400959195673,2.9735229617631282,-0.07085329576178322
U0177,0.9315347300080267,2.9847231157909015,0.31708072945403487
U0178,0.897983997045569,2.985388673099813,0.03388764886093492
U0179,0.8908630951965573,2.9805019085597544,0.2104643836707396
U0180,0.9889206851195039,2.9993884214694844,-0.510374484104774
U0181,0.9514073861638777,2.9981432030214807,-0.12247826778837784
U0182,0.9445095120919482,2.9825288055623,0.2362123590388967
U0183,0.9605841933949497,3.0104754336332533,-0.44474750815960024
U0184,0.9024042107983443,2.997139979614564,0.21875382253919665
U0185,0.9059756419820604,2.98389879581549,-0.26267130740783284
U0186,0.9124690890603165,2.9685704524053547,-0.08466711622360636
U0187,0.8782121117598735,2.987474715060043,0.3078168493297808
U0188,0.92905998021269,2.9897321217043498,-0.30327736037507
U0189,0.9509111398784018,2.9988155528582916,-0.1923335329531987
U0190,0.8832995497879321,2.9620402107272916,0.3794338400062734
U0191,0.9125339622488735,2.9857181009780467,0.6256042869927012
U0192,0.950664431193673,2.978598014411831,-0.2114268840783432
U0193,0.8747236669640227,2.9863147585976013,0.11313047441456284
U0194,0.9495600367756383,3.0119117103036293,0.0025963835034279207
U0195,0.9477351052735686,2.998728281781617,-0.3715593588803444
U0196,0.9559951105518909,2.9759992360154315,0.3149562592478404
U0197,0.906085160953691,2.9725160642809656,0.04013601871747811
U0198,0.9603571798803769,2.979280103774166,0.1387912933963499
U0199,0.9284976377141743,3.0013904001165015,0.6176788275887627
U0200,0.9347281924283434,3.005691059105646,-0.20320003642593304
U0201,0.906746256266093,2.9833101745588277,-0.09819071798189093
U0202,0.8848697864719289,2.9948316505415566,0.17630526277929798
U0203,0.9550019678306314,2.984610481550846,0.1722665181599353
U0204,0.9284671557697362,2.977766175173431,-0.07748557705376521
U0205,0.9272085471152333,2.990125774867362,-0.040289156290959596
U0206,0.895499778209037,2.9834557715420638,0.10221855613255722
U0207,0.948514735772315,2.989462554401563,0.1717313027534987
U0208,0.9546797750499021,2.970076955986105,-0.21307247955027325
U0209,0.8627197466506341,2.964404611977035,0.5954734931401977
U0210,0.8932501495563416,2.9675146115261075,-0.2323831952919372
U0211,0.8836894571977629,2.987271597770244,0.09955586219143854
U0212,0.9667702827055529,3.0008565504118008,0.023132127833940894
U0213,0.9046651328445358,2.9844829821297947,0.1837858457001576
U0214,0.9563885664256451,3.0288181407330894,-0.42003732995417586
U0215,0.9445011068449687,3.0029646454993846,-0.09138220169709448
U0216,0.9022950658937956,2.9855995515391713,0.1896248345866106
U0217,0.9890692300172358,3.002282742496278,-0.2781559253055552
U0218,0.9476246735442054,2.9939955181859803,-0.15790568316136117
U0219,0.93649692095122,2.9943439346286125,0.035558597843388016
U0220,0.9057485967207796,2.987496661940039,-0.2281398994110595
U0221,0.9201609597096829,2.9894865745666745,-0.25302054105309885
U0222,0.9230395743781299,2.982890329218041,-0.12842385761951547
U0223,0.900800816609861,2.9904145182976327,-0.00960372639233548
U0224,0.9594292349183563,2.9951442517570452,-0.08238222826702479
U0225,0.9302196367296613,2.993063925507801,0.139975096583229
U0226,0.8950898374548042,2.986894424473543,-0.02065748360453645
U0227,0.9282339831718565,2.983641724168461,-0.006686686481028752
U0228,0.9435210117925247,2.973911766555485,-0.1095904789098872
U0229,0.9484524188748467,2.996898867347748,0.08739277727501055
U0230,0.8978177871779912,3.007601043565714,0.10673426030040631
U0231,0.9605470196449204,2.9621836168277644,-0.19084247592538786
U0232,0.8998154917665694,2.9769708917626203,-0.14382237453099522
U0233,0.955602038345798,2.9856227778432785,0.6801121481906334
U0234,0.9503425503672586,2.993200824011492,0.06208966099545274
U0235,0.9129080161102592,2.997073728530138,-0.05925180588223455
U0236,0.9278917072435636,2.99121854393118,-0.3332762531836385
U0237,0.9055224386545554,2.988074398472061,-0.24920306216795382
U0238,0.8934600959502759,2.986991276909968,0.3182178690249408
U0239,0.8840770403915622,2.9735337332330967,-0.047298836462147054
U0240,0.9520942227882231,3.000653313858529,0.061064028336619225
U0241,0.9506938204791844,3.000376062471202,0.04651282672965775
U0242,0.9383119646101133,2.978742235633608,0.6342931316878202
U0243,0.9131349243254313,2.9832007493785935,-0.0314901005914076
U0244,0.9660842760013301,3.00043015953749,-0.06815724477663823
U0245,0.9188836253477125,2.9772941188029574,0.21213645650713836
U0246,0.9051864049195016,2.987390520997705,0.04520129572561417
U0247,0.9397004564156584,2.9971019634257057,0.2473920428882606
U0248,0.9570615247941917,2.999147659066435,-0.1895064340781851
U0249,0.859057784656823,2.988297920864607,0.2092658396806131
U0250,0.9686135864654558,3.002206462613359,0.04131206541369413
U0251,0.8869177434601979,2.985326780821587,-0.06790654194625742
U0252,0.8988486640148444,2.998248833219015,-0.1410694713689318
U0253,0.942422914391189,2.9800503709989576,0.3385992711567982
U0254,0.95344281257881,2.997551779458656,0.11018931435126036
U0255,0.9482123876165441,2.996603303152385,-0.21536017685063566
U0256,0.9579095194493712,2.9871309791538874,-0.0046261935017463535
U0257,0.9371039251612586,2.9999618187376678,0.17337443287018503
U0258,0.9052071429934239,2.9787792005426805,0.11740053136950863
U0259,0.8946224914988162,2.9679925577130093,0.21371769425882203
U0260,0.9363299873520254,2.981059667765916,0.040067781193717115
U0261,0.9039462720245628,2.943954622731869,-0.3506865022457329
U0262,0.9148823125256346,2.9964878782618487,-0.24395347610872645
U0263,0.9624880049352266,3.00109818237655,-0.10086396623540077
U0264,0.9729701556073778,2.9959160258537474,0.24435079988453298
U0265,0.8926245042845382,2.9765650493837783,0.24169544684067867
U0266,0.931026669427663,2.9947515102858513,0.21311667396972148
U0267,0.8828036322571005,2.962089465865336,0.053911718955609395
U0268,0.9216981234538123,2.9709385061262172,0.10465789538502052
U0269,0.9395979488448927,2.968372022843707,-0.48143254164152716
U0270,0.9311225736939877,2.9794491921490427,0.028709110285297473
U0271,0.9663734668763061,2.9894816940939966,0.30298341803944606
U0272,0.899704871114465,2.979433205419603,-0.5512241603842409
U0273,0.8724158617066979,2.9632026465503163,0.2857636269565373
U0274,0.9270467487694788,2.9757905976813817,0.5032820353495068
U0275,0.9610814763393483,2.9943865373318888,-0.3388069732631453
U0276,0.9162021360949002,3.0100027397636757,0.7178373873074114
U0277,0.8756100451760359,2.9867433077011842,0.3198225801062865
U0278,0.9371390942464066,2.9913322965128204,-0.07989653919937985
U0279,0.9068365811686818,2.983188307991334,-0.18923720672138328
U0280,0.8973584502096967,2.9758147088422087,-0.36563774696822104
U0281,0.9346908068238378,2.990851246882174,0.29962801477674067
U0282,0.8963863036640556,2.981188209855058,0.3824880713234084
U0283,0.8912692076369891,3.0024155247493565,-0.5029395299280818
U0284,0.8670485565409211,2.971473611654878,-0.27065219559707787
U0285,0.9356196977237706,3.0144455590947743,-0.1114514176251587
U0286,0.940086939958201,2.9864541066003243,-0.2076579712114558
U0287,0.9641315370331421,2.995207647542807,0.21199959301522642
U0288,0.9109730064242504,2.9917313654231514,0.02210479977293274
U0289,0.8662940373737528,2.962501883647873,0.11165609075819398
U0290,0.861619214628209,2.98960711124205,0.020046985537974057
U0291,0.8737551608108214,2.983793504779433,0.06378550598105096
U0292,0.8139151004306888,2.950728131377406,-0.03129290599978584
U0293,0.9661506564951557,3.002783598147327,0.05590170444487616
U0294,0.9145431915719321,2.989783872819939,0.4084927008855084
U0295,0.9223688025087611,2.9861222925690205,0.096865947659242
U0296,0.9298178954092433,3.0155271120171507,0.13042442768863896
U0297,0.9189263838324914,3.000545695312162,-0.16952961694362334
U0298,0.9550680693740357,2.9955341492737126,0.11128220920395804
U0299,0.9020096873088438,2.976126661962671,-0.13566212294141264
U0300,0.906181070333751,2.9860642383181912,-0.04666943379623134
U0301,0.9075460591536284,2.9803524129776364,-0.12835756956014915
U0302,0.9091019082646272,3.004088632747709,-0.15805011475434844
U0303,0.9564847344718839,3.003875772855679,-0.31349040562627734
U0304,0.9581122433833325,2.9946237228544295,0.16236092960069196
U0305,0.8720485667803343,2.976927771513691,1.0
U0306,0.9126557873495886,2.9841184829095084,0.13753472973117134
U0307,0.9514944292639879,2.9904077009106733,-0.26414630780414844
U0308,0.9255836243137988,2.980545115568781,-0.12647009851013868
U0309,0.969385176939925,2.994771440098269,-0.07397517744012479
U0310,0.9494228724113901,3.013465462873886,-0.6791323007950146
U0311,0.9698357313336851,2.9844656644278658,-0.3220437446606339
U0312,0.9259987173383823,3.0007186381025552,-0.12325088017881627
U0313,0.9016338112284874,2.9706623727456067,-0.1728796086826154
U0314,0.8822539756273765,2.986934839276514,-0.4202323466590842
U0315,0.9454349950894922,3.0076466714232257,0.19362135392813096
U0316,0.9039419343338337,2.974162823538698,0.12587915005519193
U0317,0.9388094640933843,2.9867613000689355,-0.14341254881603047
U0318,0.9378366238943358,2.998286853799939,0.06683219886410424
U0319,0.9038889502025187,2.983549098962368,0.2978094496029286
U0320,0.886862695765812,2.992247469904758,0.10133459578403718
U0321,0.9237480779673267,2.966983210246448,-0.2279466062794639
U0322,0.8699373432737783,2.968730249136855,0.17758146687517856
U0323,0.8280255714679744,2.971656336004747,0.27563208120282656
U0324,0.934646186422546,2.981942864704254,0.2009327141556929
U0325,0.9636372892195341,2.9823208245566613,0.5401598254091253
U0326,0.9410120487717752,2.987129774728729,-0.4672761835001098
U0327,0.9327446164511152,2.986207582355181,-0.09342243788463032
U0328,0.9249584531607544,2.991451936119571,-0.28116427182805453
U0329,0.9510598039589695,3.0074205575076314,0.03100788778113728
U0330,0.9169319628984417,2.9783894851156534,-0.007768277271849174
U0331,0.9485655110440376,3.0003017007156814,-0.06309207101246636
U0332,0.9040214176375854,2.988713605592695,-0.12846518317914424
U0333,0.8118623975777386,2.956161872055429,0.15398026230996673
U0334,0.9522414685337817,2.9811820185689606,0.1698565140581561
U0335,0.9557405697500827,2.9946880719524587,-0.12290113414379114
U0336,0.9439757367545784,2.9965003737441775,-0.37268901116894754
U0337,0.9268121424172178,2.9939361074837683,0.125630060507196
U0338,0.931200043809553,2.9896568157092402,0.2482130105113238
U0339,0.9237706411746537,2.9814586646578105,0.010533816837228531
U0340,0.860043844950342,2.974155150205978,0.38026273381393744
U0341,0.9201934397888671,3.0020986107308927,-0.07973664499253001
U0342,0.9898604187896733,3.0094321192696563,0.03409479391474854
U0343,0.9257727755530138,2.9952397969796167,-0.08914209551460883
U0344,0.9498633921957884,2.9930345086789862,-0.06700662469464243
U0345,0.9442457630182867,2.9962237425989193,-0.12002117184112306
U0346,0.9145510758535228,3.0056983303531,-0.1011371268071417
U0347,0.9265032991615558,2.9753349227755015,0.2058433313238063
U0348,0.9392309720881591,2.9876690408651663,0.3260306092839745
U0349,0.9534313990270242,3.0004179050325828,0.18775661115889813
U0350,0.9147170057397326,2.9902238069537836,0.19745260282965704
U0351,0.9362940765941682,2.9865627221184012,0.4480692021552651
U0352,0.9126940596517832,2.9906309497527532,0.3855961196000407
U0353,0.951460538711186,2.9886272384498884,-0.2143432661908111
U0354,0.9448233493856597,2.985474011633943,0.04850598465283909
U0355,0.9078313582094539,2.9744866691363194,-0.09805643109047446
U0356,0.9176003939605741,2.9934560364836083,-0.01180096367584686
U0357,0.9418470855923544,2.9810534272896376,0.47067834765870686
U0358,0.9413411212032293,2.9933972741079264,0.21235970345837252
U0359,0.8836779722209991,2.98473167249466,0.1040150985219841
U0360,0.9311581884773179,2.9797963480478353,0.16731945677660215
U0361,0.910664253726151,2.9781213781057074,0.5821264062599736
U0362,0.8832029932499684,2.9897996618685183,0.219535179498316
U0363,0.9657321954335059,3.0107902110093434,0.1018082042639129
U0364,0.9618034282591872,2.9951896926297934,-0.04945987594182771
U0365,0.9689422342374499,2.9982707514192493,-0.11523790883707988
U0366,0.9498066225909355,3.001555480757038,-0.3124018002795507
U0367,0.930459469121727,3.010097637644281,-0.15588344052644026
U0368,0.9323699331444959,2.990892182045063,-0.26660802312398485
U0369,0.9427143115397049,2.9866835546230366,0.16098787848560175
U0370,0.9140088529333641,3.002020494514976,0.010980219848772746
U0371,0.9481328113836486,2.988350996559493,-0.01826164555811277
U0372,0.9336207527533491,2.9990556802322614,0.30254695391547587
U0373,0.8987865018267261,2.991938713232381,0.2610436675589918
U0374,0.9082126007031414,2.9889210765775087,0.09338287923382883
U0375,0.8629575230477601,2.9801517036762157,-0.018063029467410067
U0376,0.9041628003248082,3.0027253810075476,0.128752675156397
U0377,0.9135808347119256,2.997805992467731,0.09542818641685863
U0378,0.9054659794631185,3.009532500006721,-0.5120483295206696
U0379,0.9176350253134073,3.010144162150728,-0.047942644308280574
U0380,0.8973280532049884,2.984820421363975,-0.23033000478271384
U0381,0.9490674220306008,2.997919085186814,-0.303042795045001
U0382,0.9642626779670781,2.9883569565365518,0.1919277487281573
U0383,0.9633983919014604,2.995379660679766,0.4211959899218826
U0384,0.9216216731570538,2.9868895574425682,0.3075306784982617
U0385,0.9536030455726197,3.003225652258398,-0.45451541844228865
U0386,0.9890500143087486,2.9921580841250126,-0.2171757901049798
U0387,0.9562139877347515,2.997556299899006,0.641109455720072
U0388,0.9130259148617442,2.986321269784933,-0.08669645471396771
U0389,0.9023757663832063,2.9875599354153812,-0.06354482533925859
U0390,0.9348698867841021,2.9915575586029357,0.2810612266051098
U0391,0.9663515749253554,3.0027849240615674,-0.0795717934182044
U0392,0.9188955556387833,2.989697338036024,-0.051866657292122184
U0393,0.922772936619225,2.978333662675142,0.44395808673500153
U0394,0.9227759656053761,3.0030409029038134,-0.0448854585444169
U0395,0.8509465313621872,2.9823585736045026,0.28959556689658117
U0396,0.928275019553237,2.9905689414658587,-0.4178445875454075
U0397,0.9193170326942739,2.970903017872805,-0.48752378972997534
U0398,0.9172493426231492,2.9913961003706278,-0.08416764716773607
U0399,0.9355537302627296,2.998556934374553,-0.34649792444067884
U0400,0.9209252194020155,2.9903954106523494,-0.23932899908651448
U0401,0.8931583083311642,2.9876107070633173,0.012841718595528726
U0402,0.9443777927387508,2.998059327626745,0.07084830281019483
U0403,0.9404288698664258,3.0087358676079874,-0.3422741966457352
U0404,0.9307469219166705,2.9845308492786717,-0.06891959615033422
U0405,0.9192141440037702,2.9996428734316254,0.17002130754270303
U0406,0.9083224354397044,2.979043533756233,0.4048688301889623
U0407,0.87385768535467,2.989421467937993,-0.2800413770998932
U0408,0.9374657497479598,2.982701787606737,-0.26619852763958296
U0409,0.9542784934564172,2.989837645851011,0.39007138525445645
U0410,0.9302468528343413,3.0067266273682374,-0.23340305313084936
U0411,0.9613182690885639,2.9958574702920653,0.8626386622918076
U0412,0.9499415399116115,3.0064756790474223,0.17587635249600347
U0413,0.9383418727314461,3.0093291455547955,0.1654532285965804
U0414,0.9110330996528807,3.0110103597510713,-0.40010065486064544
U0415,0.9505043710316858,2.9836682171915854,-0.0600744366878544
U0416,0.9328366263632748,2.98770101951679,0.2004950408544944
U0417,0.9432178391650873,3.0139880703002633,-0.2341874293835632
U0418,0.8771658694225367,2.988047850334569,0.1640572342153243
U0419,0.9455979144083455,2.9888786129807885,0.22511542430346992
U0420,0.8923382454390132,2.9708797013972648,0.025085553011535675
U0421,0.9283563992318875,2.9845222197175363,-0.04639592368020196
U0422,0.9473446288848784,2.9801031576816146,0.2058889983032188
U0423,0.9211369770713468,3.004810903036665,0.40316529935225504
U0424,0.940220001477424,2.980993849445086,-0.27019270705467596
U0425,0.9504093511104758,3.000707722960308,0.1125013745972458
U0426,0.9723988718353115,3.0083520879073684,0.005112150859559029
U0427,0.9124052605253323,2.983599102804522,0.08524273781325466
U0428,0.9575289707155287,3.0065794512727804,0.03904196076315012
U0429,0.9350351819460384,2.971345239816414,-0.26521110966465017
U0430,0.9303325935779351,2.9792480827947077,-0.0949355210634086
U0431,0.9352121523911963,2.9887331148509024,-0.09696072553651991
U0432,0.8936276785116115,2.9989912113431,-0.5672796367595326
U0433,0.9620997257694659,2.9866300621738473,0.2422217632529242
U0434,0.9580537133817193,3.0090766358397776,0.1368924593123007
U0435,0.8991907375433889,2.994804309894801,0.32537239972081755
U0436,0.9275183202017095,2.9700113073026113,-0.005528698462747698
U0437,0.9425008590371565,3.0029393196620595,0.15363883112045776
U0438,0.9033313512528446,2.9927457962989243,0.29708192179809095
U0439,0.9412380657354584,2.9837147009347826,0.1285344442127398
U0440,0.9398864414168862,2.991170369584587,0.21683400257673374
U0441,0.908399054553015,2.9961843003605724,0.2076946338137219
U0442,0.936210034154532,2.984632356273522,0.21394478359232375
U0443,0.867417916194536,2.972929368917868,-0.26475601522118497
U0444,0.9784960779242108,2.9929864617370963,0.06764512539546327
U0445,0.9414617329584171,2.992251902372287,-0.3112277959316511
U0446,0.9241134991411907,2.991630107705187,0.020159015282289933
U0447,0.9437609381012333,3.0023682030349197,-0.4163303369327531
U0448,0.9073326355537437,2.9821989933939546,-0.055492868514740445
U0449,0.9157489811852313,2.982663578841807,0.38218030868974645
U0450,0.934074206921344,2.993383248302201,-0.23482166636760807
U0451,0.9409896376867245,2.993874494345841,0.044254308148457634
U0452,0.9722712794771124,2.993661382517714,-0.08830900497859068
U0453,0.9441593161164502,2.9979243584960837,-0.0721105273545132
U0454,0.9325245370052226,2.9915217843872908,-0.08913585705521462
U0455,0.9117301493182204,3.0030458362554535,0.11346999900429412
U0456,0.9344338741515557,2.987514251389599,-0.15277584555569088
U0457,0.9880378020262565,3.0028351810523497,0.7610126001903518
U0458,0.9765720353885167,3.004108292881596,-0.1322410947202551
U0459,0.952313173210231,2.993097908779983,-0.2255915088068346
U0460,0.9211193233132136,2.9797273716095116,0.046341224805175385
U0461,0.8907705775810097,2.9884501704546853,-0.3320072909968397
U0462,0.9029296116099607,2.981633911803659,-0.2831445825222709
U0463,0.847560840243744,2.9592899127243473,0.1264312054334899
U0464,0.9375524285076612,2.9738590453136458,-0.041795149000247854
U0465,0.918012176700736,2.9807992128373315,-0.20727497034719813
U0466,0.9149939885706204,2.9677266847264248,0.5353621399198009
U0467,0.9139111131081924,2.9816867954007282,-0.17803435952339905
U0468,0.9883739948853029,2.991235105777491,0.5546341208556858
U0469,0.9454677025857025,2.9859305895966273,0.4409631607298661
U0470,0.9258035478973776,2.9956610303579687,0.3149405911277475
U0471,0.9339773103324708,2.994074729053008,0.27822047310057474
U0472,0.9396461406827276,2.9916834978037503,-0.20344140314209305
U0473,0.9899101644582394,3.013644226449975,0.34650223615168374
U0474,0.9527489834138455,2.9950849011738927,0.3791920972023232
U0475,0.8589828027910863,2.957449531685358,0.4696979512453987
U0476,0.8466261028823043,3.0063989259718045,-0.36971863223007273
U0477,0.9626682123452307,2.987785257635304,0.5415575938459525
U0478,0.965303886723151,2.988299760301682,-0.2604750532141768
U0479,0.9456497005460374,2.984836091590989,0.2044006726415442
U0480,0.9315915944471789,2.9926048865361965,0.17887210316893468
U0481,0.930409843289828,3.0104401436472212,0.20720343379635198
U0482,0.902406795329902,2.9873095570237593,0.009593445164518074
U0483,0.8850371423480276,2.985266919127278,0.35558363608856347
U0484,0.929375396957905,2.991486290401581,0.21322540773066434
U0485,0.914407252304768,2.980457720722216,0.39038108548024075
U0486,0.920195928420868,2.9904297893267815,0.15414835319047326
U0487,0.9466402676735975,2.9929425482740193,-0.18459629722862278
U0488,0.9357760099490788,3.000344454045374,0.6329476824902498
U0489,0.9173625476647776,2.9769345122858653,0.09197183753686757
U0490,0.8955191438356788,2.9999197652226197,-0.1415583061775231
U0491,0.9417662185932767,2.990893559749093,0.000893151096009152
U0492,0.9494295074151654,2.9946202163042366,-0.5924093096520207
U0493,0.9899370558606514,3.007753190283823,0.07081422473174616
U0494,0.9218119553140446,2.9780594838986727,-0.07688126227065001
U0495,0.9641508453885991,2.9985516862423176,0.19951240333341655
U0496,0.9564757387888787,3.0058945106931163,0.07035110871821317
U0497,0.9487843707709197,2.9899210343688285,-0.12033339680398863
U0498,0.9118691570210267,2.9820182642454856,-0.2988809852203789
U0499,0.9643621342863855,3.0020995952800225,1.0
U0500,0.9266630320180447,2.993082547072846,-0.3501234239621827
U0501,0.8929872201906718,2.9800632930296147,-0.19967025963816465
U0502,0.8925486022616198,2.9938381308635567,0.3328436861033535
U0503,0.9247245878773662,2.984508939081882,0.04359785470781455
U0504,0.9451518044276541,2.9760224261333694,-0.3565241982982172
U0505,0.952200551521831,2.9492756510712326,0.3070081367768197
U0506,0.9428366759045507,2.983991219468456,-0.32377434818276923
U0507,0.9360748836350293,2.988906487489847,0.10675556066765345
U0508,0.9768265653254672,2.986055993431468,0.010822830124776075
U0509,0.9037719498142609,2.9897623897397057,0.3135838227468814
U0510,0.9275189317152898,2.9980609907037667,-0.040553952054507535
U0511,0.9105577863694901,2.9941786080755994,0.028225945320887836
U0512,0.8799757209557365,2.9824576125090294,0.009356874854277629
U0513,0.9475765162042386,2.98461473242793,0.14170530417161598
U0514,0.9020443467750731,2.998889184742487,-0.10621823656769822
U0515,0.9342222416597958,3.002413157267676,0.08343114201854711
U0516,0.9061599091437856,2.9900806989065374,-0.43373632302041554
U0517,0.9153010244962733,2.9917394825107806,-0.6351669054231077
U0518,0.888253909809424,2.9927229550890133,-0.05856282372835529
U0519,0.8565509395828208,2.9695956937762036,-0.03072969541628803
U0520,0.966004116983976,3.006879615773702,0.3264188709753648
U0521,0.9899189551290064,3.0126307177224123,-0.3204215711160847
U0522,0.9179427737067021,2.993245256115794,0.2538934009397749
U0523,0.8141067932153739,2.9621670147081596,0.12886152799676714
U0524,0.9226003324248242,2.995208679708725,0.017759818280038808
U0525,0.957019535925178,2.9847979383958596,-0.003794823886533516
U0526,0.9593327820653988,3.0114168429995547,-0.29273565293165876
U0527,0.9336229706952918,2.984733667465432,0.04893371051953587
U0528,0.8807368558782176,2.9906143274084585,0.16323368717433867
U0529,0.9332973567221742,2.994615971708593,-0.2068467739826761
U0530,0.8461327092625212,3.0008029136617163,0.5540563760050558
U0531,0.9675961511122122,3.0041741482190774,0.15596749681715247
U0532,0.9315091794022833,2.991535896410095,-0.15462768738227
U0533,0.9217251715191517,2.9930703166600745,-0.07372238037824154
U0534,0.9027161656851501,2.9775471886796225,-0.2036927126009149
U0535,0.917473290201259,2.9933706716210717,-0.08708369723588462
U0536,0.9474644804627735,2.9865941602456028,-0.10540420227481154
U0537,0.844529528094093,2.986675121846333,-0.12646595773345198
U0538,0.9227368049766805,2.9706662235611305,0.5096301611586411
U0539,0.8772593263132944,2.972366164942202,-0.02348396894479922
U0540,0.9349207623461354,2.9815089773793773,0.6120744138633673
U0541,0.9000912383088883,2.977326218230495,-0.1739492395526255
U0542,0.9630135967109997,2.9972209756101926,-0.46903553984684615
U0543,0.849021044596258,2.9820822754712832,0.5570476332788024
U0544,0.939653161156603,3.0046617488425174,0.0816949436738107
U0545,0.8864931028402051,2.99239797620579,0.3790711056359126
U0546,0.9446122182142482,2.9845721419863276,0.07638768957589938
U0547,0.9461619429668086,2.9953507354949407,-0.10805048948857429
U0548,0.9897067903640386,3.0119021137572224,0.36457823550274016
U0549,0.9085318292772677,2.9950549348615123,-0.05437781666496874
U0550,0.8435948754762345,2.966916615486349,-0.06688093894577521
U0551,0.9357755903974341,3.0109037522785833,-0.02039486582803792
U0552,0.9594193078646569,2.99116762337231,0.05733595043621174
U0553,0.8998497830614232,2.994466862390057,-0.6506594236392232
U0554,0.8397937640987337,2.980559912663155,0.05606587542851708
U0555,0.9350490945360399,3.01080910483782,-0.023415498471866688
U0556,0.9880956146226872,2.9877255512039187,0.6787383171281095
U0557,0.8874849660817797,2.970383049152488,-0.18086241880027953
U0558,0.8912907864983932,2.983772477394655,0.47625097761109764
U0559,0.9438953379327994,3.0003378992811083,0.5592710465184982
U0560,0.989316160661716,3.0099555514126726,-0.14797806944385222
U0561,0.9270078690866822,2.999619621491843,0.2844040690665799
U0562,0.9343014816317924,2.980656607694892,0.18093218836565375
U0563,0.9083335405089635,2.995346108853982,-0.13439649841982154
U0564,0.94194151491936,3.001551025366561,-0.38880776095319164
U0565,0.9180384228010088,3.003888331695579,-0.13170269248910627
U0566,0.9006779966892418,2.991385133505203,0.34153944618353005
U0567,0.9334900545878164,2.9834646489235377,0.2144599907590191
U0568,0.902056707199046,2.9784078367985765,0.5338862977899613
U0569,0.8820086509825287,2.9878839425666914,0.13760143816213113
U0570,0.9331596998939947,2.9797605832966143,-0.029068539386340565
U0571,0.8845643912727248,2.996918245451608,0.30590643118309646
U0572,0.9342568503561117,2.994060445641873,-0.2398703275958039
U0573,0.9045667009175877,2.98749851213127,-0.02014348908089364
U0574,0.8428604462882916,2.9789417417897437,0.30654024596248985
U0575,0.9079166967361912,2.995892911015829,0.1547684836341769
U0576,0.8797537584535111,2.991857899145483,-0.07551842302393545
U0577,0.9388620973357001,3.0031967740057945,0.2821788467870038
U0578,0.8995706102511326,2.9852780006823156,-0.3168833016035868
U0579,0.9343116743509075,3.0110505585985297,-0.09677340881539429
U0580,0.927613738298288,2.9886407653762226,0.03591069372497416
U0581,0.927031821709951,2.972384869409267,-0.30020191430669857
U0582,0.9461854438739116,2.9894603707371226,-0.12215834723041102
U0583,0.8558623930817232,2.971014271568671,-0.006644121660422784
U0584,0.9353443100553059,3.0054218665301695,-0.01598698595709095
U0585,0.943519739595048,2.986537495726107,0.15287395673895063
U0586,0.9441291931704874,2.993356351826199,-0.46728647265511647
U0587,0.9639257486902525,3.010413618367611,-0.11445629540671726
U0588,0.85643584528783,2.9993844069532,0.6540318711336878
U0589,0.9244583050251544,2.9973517204784064,0.3004304841982838
U0590,0.8946888012851186,3.0036185849508747,0.07011931129206178
U0591,0.9288328878306594,2.9845079431173005,0.07057742226143625
U0592,0.9116832749542946,2.991561558175987,-0.23383978026093322
U0593,0.9888502000389036,3.008258992173553,-0.3244371575466212
U0594,0.9069010231434727,2.984110574753945,0.018348283458524222
U0595,0.9376326685950233,3.0009799066011302,0.25809554833693676
U0596,0.9058393387873563,2.986459679056482,-0.23892560378911484
U0597,0.9596177988924823,2.9869782147332424,0.22601319750808396
U0598,0.9067251313099675,2.9753434278956825,0.2025677852996043
U0599,0.9893397317755859,3.005481994303696,-0.1568523823495704
U0600,0.8895970076854415,2.981838376439681,-0.4035559607386618
U0601,0.9128698249093053,2.979654677530847,0.27699042500935506
U0602,0.8632077822249328,2.9750215618097777,0.2450759187698864
U0603,0.92089378625603,2.992880280766323,0.17264625121904023
U0604,0.9387396460719353,2.9885463772021255,0.04230709532615329
U0605,0.9324751095721459,2.9774988233361865,-0.42606233091091755
U0606,0.9440099158416413,2.969284875809295,0.040774193734108816
U0607,0.9269148783485636,2.990145791789977,0.10420497210703013
U0608,0.8652522381946491,2.982412864607394,-0.17157068079807017
U0609,0.9547658140299572,2.994642750184181,0.2685949095453208
U0610,0.9515188344358674,2.9877021634710195,0.1278787023246123
U0611,0.9190685137628454,2.9774088673135974,-0.02410067221857822
U0612,0.8830922466608722,2.977855699864299,0.060189198632710036
U0613,0.9584438153311252,2.989835345463705,-0.3029270134861511
U0614,0.9577290977730725,3.007100696804467,0.2186059548746883
U0615,0.9483286202202169,2.9735654583187423,0.03576911677872419
U0616,0.8042405159550782,2.968511346524631,0.15420610879783364
U0617,0.8904898008698079,2.9834714974152097,0.2957327723616573
U0618,0.9550756942094734,2.9855042528796703,0.02001935104905597
U0619,0.8934881569117841,2.984291203914081,-0.020816888268718567
U0620,0.8671979224877587,2.9813560989009256,0.13890660334208121
U0621,0.989398860019092,3.01311545204539,0.7569323543548571
U0622,0.8910330965524725,2.9917027890279484,-0.2371029015935581
U0623,0.9421626827097103,3.002302495926963,-0.5799617184059783
U0624,0.9274279658960888,3.007800391350262,-0.17607892631147465
U0625,0.9054223951200984,2.9956050255793025,-0.24065193359374465
U0626,0.8804828994986968,2.9983451682726425,-0.4746856898494615
U0627,0.9182320696453633,2.9853144714156734,0.19015427688422867
U0628,0.9254729878987397,2.976353870851296,-0.01808166134845192
U0629,0.9354351451097325,2.9851259198908666,-0.33481751594580106
U0630,0.9898449506486648,2.9961498379399996,0.037638153264094615
U0631,0.9098301950276712,2.975643691312955,0.2765478373998279
U0632,0.908087011377128,2.977409206821437,-0.2672115122483332
U0633,0.9339478143205567,2.9774756356246956,-0.39279420728928727
U0634,0.8900308960601447,2.9852327332015745,-0.18529302853935883
U0635,0.8836166956252034,2.981955346057002,0.01703173000930903
U0636,0.9008693488616221,2.985962295776121,-0.5224045820165181
U0637,0.8974632856041467,2.9731901238067318,0.12696134533656342
U0638,0.9758459857833011,2.9930491955594003,0.21373170382821313
U0639,0.9598462289765937,2.996255299646342,-0.4057430301015331
U0640,0.9234443677147106,2.981805776895751,-0.10772011707177107
U0641,0.9433479402358482,2.994645781627587,0.8626477702487078
U0642,0.8815024310090461,2.9797309660557603,-0.2250580220628439
U0643,0.9088225110091647,2.981687725393076,0.4131469240858158
U0644,0.959090781632797,2.987735684203747,-0.21519296521909034
U0645,0.9118951601390383,2.9918897573202514,-0.21349583424866866
U0646,0.8723300331084659,2.969788746795619,-0.057606330352704
U0647,0.9555618312777441,2.99021481131533,-0.2027714273039663
U0648,0.9143555945784522,3.000725687227367,-0.3644633990171933
U0649,0.9325553365050346,2.9925834732001113,-0.23789103296486339
U0650,0.9164174540772062,2.9850538937390487,0.04784343041176621
U0651,0.9334392935246913,3.0011029128995204,0.2248171373666519
U0652,0.9679630141502042,3.0002675945975072,-0.16333014021316425
U0653,0.9310609174553915,2.998589078840969,0.11956977866036751
U0654,0.8928224727025196,2.9934978154183325,0.18526182094659624
U0655,0.9426744097978388,3.006241385649862,0.10511782638369523
U0656,0.9147166267783341,2.9902975718784504,0.013808159136632922
U0657,0.9126305182139798,2.9743233029881204,-0.04350357471141376
U0658,0.9394357702411458,2.9851793279007146,0.2534712289984657
U0659,0.9240215798398721,2.993145628555255,-0.2973999968343323
U0660,0.9038519411248274,2.998080731113687,-0.1322250564823729
U0661,0.9335054378191072,2.996668054349689,-0.07521142256439374
U0662,0.9142269921250581,2.9751001389375795,-0.715398201181496
U0663,0.9383353461188434,2.9656341249053932,0.6055299283309071
U0664,0.9604167710293383,2.9908731568456646,-0.8743595292763875
U0665,0.9286507943581963,3.005267552119021,-0.7736692813383839
U0666,0.8915367547266886,2.9899392956599486,0.21312057810516688
U0667,0.944635192957845,2.995286466520727,-0.051521006009876004
U0668,0.8582093384884073,2.962514180877279,0.3441353305244514
U0669,0.8630865926298612,2.969580543414771,-0.026826939604583565
U0670,0.9886764258247547,2.998247795615846,0.19087594936861585
U0671,0.9196483034071137,2.9746860331315705,0.8119098994027784
U0672,0.9061800361076157,2.9970082083276837,0.20750424531475298
U0673,0.9073241419004916,2.978639991812176,0.17357761795262813
U0674,0.8222045080378655,2.9881713510478516,0.10198930564857128
U0675,0.9132114451141694,2.977630543691885,0.30637494024796175
U0676,0.9517420508733523,2.989906062594714,0.11476010062287861
U0677,0.9047252640350589,2.997696691370197,0.24967562029538928
U0678,0.9883730599842434,2.9908660221489174,-0.4630481702792229
U0679,0.9017811176576974,2.974903767964467,0.13885271341297992
U0680,0.9135170930415311,3.0029031237282435,-0.475426455221293
U0681,0.9320492951515033,3.0007623450800627,0.5037955602845617
U0682,0.917010575004683,3.007148491099275,-0.17869900222202006
U0683,0.8946354191913438,2.98731873762121,-0.2234100775737334
U0684,0.9092183516084938,3.0020400555772797,0.19407305291006463
U0685,0.934091690567101,2.9773768464889,0.30825469234054825
U0686,0.9432534258428943,2.9946480680125984,-0.3430679777897862
U0687,0.9749694030343112,3.0144062085763794,0.3682451369025425
U0688,0.9233940910218518,2.98427149582526,-0.01988394106610165
U0689,0.9463273709199846,2.9903481198184787,-0.29286410047845746
U0690,0.9411248908114622,2.9739038657916494,0.03907055515229745
U0691,0.9476893479115264,2.9793454162463373,0.003226632106399866
U0692,0.9329670670345139,2.989919296279195,0.3603347810590678
U0693,0.935222794807819,2.987227625764557,-0.037258224174553316
U0694,0.9552833775767217,3.0103049719553465,0.19567446790079773
U0695,0.9225733609171017,3.008414671606238,-0.00343984799440416
U0696,0.8345556748007433,2.9764705372273395,0.2392089625990866
U0697,0.9066395378031041,2.9804137463629456,-0.2871428195112214
U0698,0.9081028410237588,2.9794783868256087,0.2595821013274505
U0699,0.8978595728323145,2.9875459810719964,-0.38458319628898713
U0700,0.929665548053844,2.987996655162428,0.5676576292868794
U0701,0.8892220666429637,2.9780040743145104,0.2741869029087882
U0702,0.932800770998135,2.9874899102294687,0.32830338007079296
U0703,0.9035715442137977,2.9790378288411223,0.6929853237488228
U0704,0.9344498402174547,3.0063930764333047,-0.12295051817385834
U0705,0.891505186508029,2.996087675529581,0.2252981625106531
U0706,0.9628437778273465,3.0027889067214453,-0.18997899463664003
U0707,0.9592831043165356,2.999366626659219,0.07935046937728618
U0708,0.9149287975242597,2.9815941997366306,-0.5632900075327992
U0709,0.8947990165821267,2.9773014423405244,-0.11585192314410062
U0710,0.9301663823833415,2.9810851784714183,0.4380388743742285
U0711,0.9525178904906482,2.9950453253161213,0.22491647108614726
U0712,0.918167886375161,2.9963232059554383,0.02048707022679604
U0713,0.9436477690146563,2.9928614268289873,0.08083970401949082
U0714,0.9346218086648905,2.997885475668872,0.08886110191202544
U0715,0.9463120851804728,2.994014274796331,0.15227655570255189
U0716,0.911663881120063,2.9928655498556234,0.4335807399927099
U0717,0.989559532682232,2.984497922321294,-0.05115165999688618
U0718,0.9181123697620179,2.987459986017893,0.25866611937328693
U0719,0.9341583612481225,2.9844996285020136,-0.2595885455778853
U0720,0.9680277664165438,2.9798039877974265,-0.004415730467905835
U0721,0.9112408651511692,2.9916912762232446,0.10244513603515842
U0722,0.8929425280334228,2.9817531900953202,-0.002128433571868901
U0723,0.9068574580561568,2.975575162329874,-0.08780268180379412
U0724,0.9195715246253697,3.004225337666689,0.13707003424719186
U0725,0.9172641033366556,2.9736673397243365,0.022308256008840014
U0726,0.8709289569998201,2.982964368614518,0.15912343364669695
U0727,0.8936341784054469,2.9475091921656014,-0.2840616726978327
U0728,0.9570445299690028,2.9924165553691466,-0.4325392186485969
U0729,0.904846075760981,3.0041789929739906,-0.16285213442650567
U0730,0.9085361785143734,3.016538090273098,-0.2823337730765244
U0731,0.9707198215467439,3.0064762460455774,0.03564708463079073
U0732,0.8524076293564997,2.9619342147636374,0.33343033771474606
U0733,0.8973559713044971,2.9844992737687037,-0.4594060829679557
U0734,0.9455449116977531,2.9885166280306903,0.02682164022385452
U0735,0.8994554311485731,3.0084960281468844,-0.24709592288361074
U0736,0.9158814124564532,3.006332435302865,-0.20052365862476085
U0737,0.9050849263451343,2.9880396050503144,-0.30996218341769666
U0738,0.9129730127497745,2.9913572810410605,0.3457305768173546
U0739,0.9250654591442259,2.992506316977341,-0.29862461521093414
U0740,0.8472164739614371,2.970504067143244,-0.2247112956764918
U0741,0.9420955705602069,2.9854860617751067,0.18696812381776398
U0742,0.9403656399904738,3.001865534907981,0.11930628275760277
U0743,0.8943593556323688,2.9870997760279714,-0.16152195815905418
U0744,0.9353210007553494,2.995884842313339,0.03688743114039269
U0745,0.9551932378939524,2.994915362292234,-0.393198231372302
U0746,0.9261689326274591,2.9632610267499198,1.0
U0747,0.9601216824394911,2.999683127273249,0.21070614073484598
U0748,0.9433075909588166,2.9802524144851583,-0.37930383404592494
U0749,0.9440952434869693,2.9851695450141276,-0.12579367010942077
U0750,0.9279241245891878,2.9642060452628423,-0.006593068993681454
U0751,0.9170202124457872,3.002077398161472,0.150778540074593
U0752,0.890092617775731,2.9958656764738905,0.2319796446296982
U0753,0.9552060297128896,2.981657771932081,-0.26337833625893975
U0754,0.9006445301551115,2.9837728987536627,-0.33007339864356006
U0755,0.9683096237137037,2.9922020072379443,0.13498444818996125
U0756,0.9072142824602532,2.9905321175931734,0.1609795901610445
U0757,0.9304454031243683,2.976971740906907,0.01922676668765998
U0758,0.8996145958634696,2.9669298947710923,-0.19729410651012982
U0759,0.8953929498349419,2.9827230974616636,-0.37685286819269137
U0760,0.951677630753007,3.0112165975635867,-0.1756122215215132
U0761,0.8991986007551079,2.9926392631702616,0.16110073125440802
U0762,0.8616847703289807,2.9768699018647533,-0.2895777304523818
U0763,0.9527570697967037,2.979801462743986,-0.16444000737819792
U0764,0.9582608502605139,2.9986072556121086,0.25791569310051554
U0765,0.9063015975231153,2.9869174880950125,0.08037131003049136
U0766,0.9416526225990983,3.0046058857646805,0.4696332512562325
U0767,0.9889663952168996,2.993990946990215,-0.7648775502240667
U0768,0.924937582804931,2.9983389789313324,0.34640081485090946
U0769,0.8992767352343188,2.9806175284023135,0.12990044467351428
U0770,0.9110501255099668,2.9993079650745944,0.16781909160313124
U0771,0.9082782627884893,2.9830976251410903,-0.1070952475127854
U0772,0.910692058431453,2.996397792591691,0.3837158659617284
U0773,0.8869193553205225,2.9752879372030248,0.23268419305851112
U0774,0.9421468977055018,2.9963453969054474,0.0070448995421580245
U0775,0.9296961272580574,3.0000097642276558,-0.38999454632246006
U0776,0.9689748440099458,2.982188903942785,-0.22515532687246823
U0777,0.9167401949557605,3.0039174073823705,-0.11119534544412914
U0778,0.9112298295851684,2.975842661820052,-0.1404567313653209
U0779,0.9454515261621201,2.979990819318472,-0.0031127594483108564
U0780,0.9452432740835094,2.9938694820218346,0.12107868392805936
U0781,0.9409499393663113,2.974217783956866,0.06127593725465444
U0782,0.9713363815872331,2.996321783636823,-0.12492973693106464
U0783,0.8435437680356102,2.968913997367693,-0.5393874899760226
U0784,0.9235695982742832,2.983702378065307,0.24033822315567194
U0785,0.9167520153644243,2.998384491877204,-0.15721990133182084
U0786,0.9000830885412956,3.006110136560636,-0.22623491573947116
U0787,0.8974781590492272,2.966625709459719,-0.10364524067933757
U0788,0.9382799782485328,2.9811875881885257,0.02813240370305027
U0789,0.9253689988228773,3.006371777377087,0.8291519160287915
U0790,0.9185213438103765,2.983532207781832,0.02528277061663098
U0791,0.9635110806215256,2.9925324267016475,0.5821206553118391
U0792,0.9407721677917593,2.986854051238151,0.2720607933918117
U0793,0.9522742014113826,3.005344099096884,-0.16816805330232895
U0794,0.8980638887312651,2.99142015217533,0.013646732943897621
U0795,0.9217153490300308,2.958629909047212,0.03461638119049811
U0796,0.8900555260360993,2.9954749701523737,0.16475864318714264
U0797,0.9910673535994339,3.000345418769503,-0.3611160866615109
U0798,0.8996518589552103,2.987428394787462,0.13024999916731142
U0799,0.9770210331206669,2.9889652394868587,0.02544424765482133
U0800,0.9605971054124866,3.0027416051496494,0.10278302281715
U0801,0.8975653591591541,2.9822940641985314,0.011313043995684743
U0802,0.8928630002892766,2.9921724673098726,-0.43451995531545173
U0803,0.9286335060352441,2.978042132567133,0.4750281252251553
U0804,0.9077926128531416,2.9866753678716518,-0.5260806072341593
U0805,0.8674746299341991,2.9808892873430826,-0.0051174374773094895
U0806,0.8961672359626003,2.9803978162069584,0.22275712664177402
U0807,0.9191990829721554,2.9858069431702297,-0.10303338159089148
U0808,0.946072728896199,2.991807189078278,-0.19329495615511838
U0809,0.9295052738430513,2.972008710263442,-0.08762361727519365
U0810,0.9138179602581654,2.9907280548651016,0.055834951310984295
U0811,0.9390660819104307,3.0091651079609845,0.008590183431734998
U0812,0.9484651791866627,2.984170463972437,0.19086645023373083
U0813,0.9220892667317903,2.999110057306144,-0.31050031015885193
U0814,0.9326268046939045,3.011706292762061,-0.23487390150519313
U0815,0.9560955349402963,2.998526029997857,0.28139160263976865
U0816,0.9517914666191981,2.989753372916937,0.07078193851729853
U0817,0.9436858403490334,2.9937776676752343,0.24211492507457566
U0818,0.9320978840908601,2.9866415552374797,-0.0076802805405080275
U0819,0.9141087132108171,2.969627520601879,-0.43681965371236636
U0820,0.9234975115073997,3.008325393792349,0.3358778258108872
U0821,0.9448019638747774,2.982025417252805,0.26948434794595644
U0822,0.9232669693945531,2.9760194788136336,0.07396996620162877
U0823,0.8664388570879439,2.980847849590554,0.5425715962741446
U0824,0.9361707292897713,2.970009223091485,-0.2382513644685034
U0825,0.9723579937212227,3.0013674528074374,0.3362109476268257
U0826,0.8951446720548286,2.9842014061678115,0.3003563612347403
U0827,0.8814881486680015,2.9728188437260417,-0.0793723087502967
U0828,0.935688751365662,2.9836996648395595,0.2244333456053398
U0829,0.8823486462674991,2.987276457361857,0.1994575918495235
U0830,0.8768935607704349,2.986556484300466,-0.9092627053804985
U0831,0.9194882001778143,2.983596540930766,0.11529242216199072
U0832,0.9138045823882418,2.972953210947724,0.026077155420836384
U0833,0.930595359501876,2.983945679541132,-0.1251563595236962
U0834,0.9452624970097421,2.9873911960072395,-0.36269520986243314
U0835,0.9120292889813593,2.999095474687997,-0.251115515101729
U0836,0.896336774330139,2.9936404894648363,0.20192024832123942
U0837,0.9343551992723728,3.0020091394448754,-0.11892961691709117
U0838,0.9195875492013738,3.0031948250710396,-0.2821334950918814
U0839,0.9211272964877631,3.005464149284772,0.5134137255340105
U0840,0.9346455501562977,2.995243763585324,-0.3139705725218959
U0841,0.8907117332410325,2.9796257524808167,-0.3956763876164386
U0842,0.9901008745247011,2.997434025532808,0.884167167432433
U0843,0.903590528078462,2.9789150115064587,-0.7865444116490192
U0844,0.8994577021313138,2.986945006434068,-0.027585214607980125
U0845,0.9014076129661164,2.97665680995857,-0.16403687223096777
U0846,0.9582794185306606,2.9967009873394552,-0.31903347342716726
U0847,0.9154868208474587,2.9950554371532867,0.1340648505503601
U0848,0.9155560335900286,2.993499996679847,-0.1129397855043823
U0849,0.9283203218706423,3.0097588101907684,0.07061672271573455
U0850,0.9472197508351655,3.005382487546554,0.15737434473414558
U0851,0.9214589549364991,2.995142474212682,-0.15322059560630474
U0852,0.9097183488015296,2.997881491626588,-0.0715876084459418
U0853,0.9019576500712218,2.985603682832745,0.11617566268427788
U0854,0.9103956800331563,3.00656855324351,-0.2938706347373773
U0855,0.9194788307258697,2.98859498779758,-0.14717197437455246
U0856,0.9606375636102524,2.9832144019448643,-0.09566243838142116
U0857,0.9353733926470362,2.9885458414282535,0.09092661009278596
U0858,0.8992659403165222,2.9960834499482925,0.23080627022538716
U0859,0.880850937182269,2.980466276129919,0.07023453337618726
U0860,0.9418678976155561,2.9798266401661535,0.34709710833474566
U0861,0.9129086643101998,2.9818363962715404,0.10380960735239075
U0862,0.9714724556410524,2.9965031447960118,-0.24257465598403616
U0863,0.9104737868795795,2.9860895251174413,0.06471569943626636
U0864,0.9419379616757277,3.0006268990433154,-0.47460917896667687
U0865,0.9029403090076927,3.007282501721576,-0.03218814451401436
U0866,0.8495539470321313,2.995337286470406,-0.051373522023869495
U0867,0.9349999292370628,2.9933962359049646,-0.24403137992627186
U0868,0.9070960176829254,2.990008323857668,-0.2667485089948006
U0869,0.9208492337518024,2.9808896355130474,0.06903721564140705
U0870,0.9666581853481009,2.991826992602725,-0.2180886726416912
U0871,0.9894839554373484,3.0003853840867705,0.6465462422700693
U0872,0.8782751054178468,2.9734197275913203,-0.3245274857051348
U0873,0.9410097124268685,2.995355137479826,0.06836407515990743
U0874,0.9337359942720349,2.992010685147357,-0.028676352145602626
U0875,0.9162075880633793,2.9801407881505226,-0.04817119172004207
U0876,0.9195583146746078,2.997879177865309,0.33438783646849685
U0877,0.9219093262333838,2.9863609112898604,0.1695911380945704
U0878,0.9182807175522623,2.990799304618844,0.4519464815437585
U0879,0.929863900104368,2.97002397645202,-0.34670978634107275
U0880,0.9027619613077241,2.999662147258555,0.20447436416171022
U0881,0.9039083485296889,2.9853817846813864,-0.4782021263747118
U0882,0.9150786659447954,2.995847663999709,0.11904715237735101
U0883,0.9418271892470936,2.987591617958381,-0.4085104900058154
U0884,0.8971950103473839,2.984861292652477,-0.04931921085752753
U0885,0.9503687426461164,2.9855912348951,-0.37578721466420234
U0886,0.9415906854634948,3.0032741788018718,0.2696644649358707
U0887,0.9020996166166088,3.0050603794085156,-0.011159761428519866
U0888,0.9224520000773465,2.9791917209626404,-0.2067238445810151
U0889,0.8953075637257535,2.977691026542601,0.23636721886824835
U0890,0.9602061299097685,3.000828427913429,0.23582738621503405
U0891,0.8904236144053314,2.9728475852875142,-0.06503118431020771
U0892,0.8842332257446848,2.987415255802555,0.16287815186043822
U0893,0.8904086097849269,2.97505431334167,0.10547278178443507
U0894,0.930928989083976,2.9911011242962355,-0.14766057592545176
U0895,0.9165116304164778,2.9846652986740496,-0.03480212480257804
U0896,0.9212611081644733,2.9814033620951963,-0.24647849553299156
U0897,0.9125964951144867,2.9879696777044114,-0.278758259986008
U0898,0.9528114147677599,3.0001572105407655,-0.4463898102673784
U0899,0.939253981032561,3.000570548156407,0.1889462307342733
U0900,0.9522215524446278,3.004776261166158,0.4151291440687204
U0901,0.8869439486725281,2.9861130260708344,-0.07301012733514697
U0902,0.9104579132229339,2.9846588112806143,-0.1956527152966679
U0903,0.9039916618389,2.943889935062773,-0.22051817525281667
U0904,0.8686103962933246,2.971947176468955,-0.5679962514555105
U0905,0.9541306031323851,3.0027187583331085,0.21203365688332432
U0906,0.9475736821026752,3.012518673624439,0.22799907530008207
U0907,0.9313499038026333,2.9957258925735184,-0.04322000531921707
U0908,0.9187498431838463,2.996046419439081,-0.19033982303044128
U0909,0.9511979327305362,2.984586214750586,0.031516567253853794
U0910,0.8809580530379746,2.974579572467379,-0.12014978084413894
U0911,0.8961075067889696,2.996767606142018,0.11681917317032396
U0912,0.885963140550669,2.980244509501256,-0.019748646131200844
U0913,0.8971510264043349,3.008403256553565,-0.035331729932496336
U0914,0.938887520117411,2.9904581293720662,0.23282486589948503
U0915,0.902206275689431,2.971576662026043,0.24200419114850294
U0916,0.8908298282422173,2.987540560076616,0.3297869016042972
U0917,0.9406624460360337,2.986253063898537,0.5086926088663726
U0918,0.9449395418627857,2.9946293689597323,-0.15620982148898355
U0919,0.9285611842766881,2.9997141211669884,-0.16911099933937299
U0920,0.916728742001947,2.9851682827130457,0.017716880184116872
U0921,0.9067843967199933,2.982500522943654,0.2568691897238563
U0922,0.974389871158912,3.0102430843416395,-0.2254395513252879
U0923,0.9551207052602705,2.9947950385190887,-0.17095631072663323
U0924,0.9316381453081166,2.993714784158086,-0.3812714548376199
U0925,0.9082137069326365,2.980827227749504,-0.4302834632398352
U0926,0.9243234590515697,2.997349083546169,0.34689933682056984
U0927,0.9265395223894412,2.985051695436409,-0.024961166203892885
U0928,0.9337139684353442,3.000806602530732,-0.1429836434769918
U0929,0.9366234176578093,2.9892140304256056,0.18053718157628412
U0930,0.9297417942994842,2.9743104990558717,-0.0565969516220861
U0931,0.8682348004000666,2.965610668679562,0.2701222766769495
U0932,0.8358684354744557,2.9670194978280082,-0.3712977054599876
U0933,0.903519466469049,2.9670570140242845,-0.07716348571320103
U0934,0.9761256938787469,2.99423492836317,-0.23000970602283125
U0935,0.923674805193824,2.991924637090034,0.005871972295989276
U0936,0.9259751646288918,2.970529457958116,-0.05381412221253453
U0937,0.9348161398922153,2.9887979266317575,-0.497612374719184
U0938,0.988544198970901,2.998019975968686,-0.1897019885653454
U0939,0.8581915703580173,2.973624385055092,-0.0378857516640801
U0940,0.9068394937240335,2.98706355954161,0.3178818205688815
U0941,0.9104931893965317,2.9704649475430065,0.062303628566667595
U0942,0.9221004124612168,2.991323063567587,0.26152525668428594
U0943,0.8973928629911336,2.9808688279786395,-0.05150296683862607
U0944,0.8538158090163418,2.983458899038311,-0.09675942013139532
U0945,0.9302279894339792,2.9785758801634694,0.1110239222419486
U0946,0.9587121310397551,2.9986594638276456,0.3651015868431279
U0947,0.888701421973839,3.0053421654839063,0.032377059309421405
U0948,0.9630258396744215,2.9987900646071863,-0.15072535677945448
U0949,0.925737839576596,2.9820948111037433,0.017492228948750663
U0950,0.9461114129340363,2.9885779412838103,-0.2446723927652026
U0951,0.9263116366460581,2.979041443919223,-0.08298019124537409
U0952,0.9564532674269918,2.9846689342354886,0.014200457828086061
U0953,0.9246321015983037,2.988686330404908,0.258728772787947
U0954,0.9614047225776116,2.9882996953581573,-0.46199362378450315
U0955,0.9254989003241227,2.986627386653419,-0.07273286097303831
U0956,0.9594707975845809,3.001335100949672,-0.2298507538334857
U0957,0.9110973552255199,2.981350860982963,-0.39840975390553107
U0958,0.9052936966489681,2.9841047022982323,-0.2184257542130499
U0959,0.9468809155810102,3.006738877819107,-0.25010595631604393
U0960,0.927799467669208,2.972038265252011,-0.19890253528842647
U0961,0.9448936132753656,2.993786029146425,0.020739228797634096
U0962,0.9560839010532539,3.0016246350732194,-0.4570145476712348
U0963,0.9206037284870531,2.99323553210066,0.40303939555322077
U0964,0.9188968335534057,2.9844106734665674,-0.04193747402419567
U0965,0.9703824164664299,3.0070925675169753,-0.3544748608194363
U0966,0.9513206300464921,2.988298664361625,0.07617285174316478
U0967,0.9256805568605766,2.995555259088265,0.10745047136521098
U0968,0.8868114594559247,2.970662824769109,-0.1391981289686514
U0969,0.9893776532933682,3.004049488622523,0.2742700789562853
U0970,0.9430682904489429,2.974760219794158,-0.11097838489416047
U0971,0.9281104137475382,2.953018505987885,-0.07225846323824384
U0972,0.856097181014172,2.9866789077473195,-0.011851140829458836
U0973,0.9883809192871573,3.0193700403326202,-0.8081396148556358
U0974,0.9140814351665835,2.9822963570407053,0.19966708007597334
U0975,0.9566471710971629,2.990030207654161,-0.050794911184504694
U0976,0.9334928237590182,2.9780932991743634,0.24800260387635314
U0977,0.931698822179777,3.008904697048994,-0.3519377997466435
U0978,0.8606246079333002,2.99978276878716,-0.03470370149250433
U0979,0.8895181940122115,2.981673871032321,-0.38161607048223195
U0980,0.9148549268648166,2.9862719884058433,-0.1291448585567268
U0981,0.9413392749240712,2.996195427943485,0.15131382932896723
U0982,0.940779753898669,2.9778249585407197,0.5390698333558376
U0983,0.8806779601425325,2.988382551302869,-0.17576635787699119
U0984,0.9455105319415926,2.9957862445605445,0.1436221390989958
U0985,0.9416345470167051,3.0016747181889296,-0.25112741004645506
U0986,0.9128190110642701,2.9776197178771304,-0.23259433180694758
U0987,0.8811940714107263,2.9742943148485863,0.015785356609251764
U0988,0.9553955436566104,3.0039934965424857,0.20380152153007244
U0989,0.877167730775471,2.9791745380446035,-0.023094063208613243
U0990,0.9105054072067256,2.977259658478,-0.17818035839907603
U0991,0.9405001107909975,3.0016598417584466,-0.0852159189568869
U0992,0.9247675075208887,3.004284037524798,0.400153979759742
U0993,0.9533063662591871,3.008623896805422,0.1277184543427072
U0994,0.8961682648058708,2.9657195568701056,-0.18044791164717924
U0995,0.8872242537692862,2.9825295759382633,-0.10303670269063454
U0996,0.9217053646181821,2.9923809601335054,-0.6220136634713874
U0997,0.8536482328636382,2.98557425096541,-0.035050187830069156
U0998,0.9551316098155576,2.9829261868430055,0.4896872966778129
U0999,0.912633231329861,2.981351239770171,-0.1397787285758061
U1000,0.926038154450632,2.9965730250979616,-0.2043724550858585
